ID,Height,time_of_day,resolution
272,1.567925,1.375000,0.594089
562,1.807508,1.458333,0.594089
585,2.693542,0.416667,0.594089
610,1.036305,1.458333,0.594089
633,1.117111,0.416667,0.594089
658,1.542407,1.458333,0.594089
681,1.930844,0.416667,0.594089
802,1.505548,1.458333,0.594089
808,1.009369,1.708333,0.594089